{"cameraMode":{"drawMode":0,"name":"Shaded","section":"Shading Mode"},"sceneLighting":false,"audioPlay":false,"sceneViewState":{"showFog":true,"showMaterialUpdate":false,"showSkybox":true,"showFlares":true,"showImageEffects":true,"showParticleSystems":true},"in2DMode":false,"pivot":{"x":0.0,"y":3.5699996948242189,"z":10.649999618530274},"rotation":{"x":0.22396963834762574,"y":-0.010233143344521523,"z":0.002351831179112196,"w":0.974539577960968},"size":4.949999809265137,"orthographic":false}