{"cameraMode":{"drawMode":0,"name":"Shaded","section":"Shading Mode"},"sceneLighting":false,"audioPlay":false,"sceneViewState":{"showFog":true,"showMaterialUpdate":false,"showSkybox":true,"showFlares":true,"showImageEffects":true,"showParticleSystems":true},"in2DMode":false,"pivot":{"x":0.2200000137090683,"y":2.5,"z":6.659999847412109},"rotation":{"x":0.7300487160682678,"y":-0.002050162525847554,"z":0.002190155442804098,"w":0.6833885908126831},"size":2.8578836917877199,"orthographic":false}