{"cameraMode":{"drawMode":0,"name":"Shaded","section":"Shading Mode"},"sceneLighting":false,"audioPlay":false,"sceneViewState":{"showFog":true,"showMaterialUpdate":false,"showSkybox":true,"showFlares":true,"showImageEffects":true,"showParticleSystems":true},"in2DMode":false,"pivot":{"x":-1.6670804023742676,"y":2.4664578437805177,"z":211.7192840576172},"rotation":{"x":0.0556977279484272,"y":-0.05448520928621292,"z":0.0030441160779446365,"w":0.9969553351402283},"size":17.85335350036621,"orthographic":false}