{"cameraMode":{"drawMode":0,"name":"Shaded","section":"Shading Mode"},"sceneLighting":false,"audioPlay":false,"sceneViewState":{"showFog":true,"showMaterialUpdate":false,"showSkybox":true,"showFlares":true,"showImageEffects":true,"showParticleSystems":true},"in2DMode":false,"pivot":{"x":-3.0399999618530275,"y":1.0,"z":31.84000015258789},"rotation":{"x":0.22396963834762574,"y":-0.010233143344521523,"z":0.002351831179112196,"w":0.974539577960968},"size":8.039554595947266,"orthographic":false}