{"cameraMode":{"drawMode":0,"name":"Shaded","section":"Shading Mode"},"sceneLighting":false,"audioPlay":false,"sceneViewState":{"showFog":true,"showMaterialUpdate":false,"showSkybox":true,"showFlares":true,"showImageEffects":true,"showParticleSystems":true},"in2DMode":false,"pivot":{"x":-0.12915097177028657,"y":1.0477304458618165,"z":3.8624844551086427},"rotation":{"x":0.7300487160682678,"y":-0.002050162525847554,"z":0.002190155442804098,"w":0.6833885908126831},"size":7.000357151031494,"orthographic":false}