{"cameraMode":{"drawMode":0,"name":"Shaded","section":"Shading Mode"},"sceneLighting":false,"audioPlay":false,"sceneViewState":{"showFog":true,"showMaterialUpdate":false,"showSkybox":true,"showFlares":true,"showImageEffects":true,"showParticleSystems":true},"in2DMode":false,"pivot":{"x":-2.417886734008789,"y":3.3575544357299806,"z":3.079256057739258},"rotation":{"x":0.22396963834762574,"y":-0.010233143344521523,"z":0.002351831179112196,"w":0.974539577960968},"size":12.675270080566407,"orthographic":false}